<project>
  <modelVersion>4.0.0</modelVersion>
  <groupId>com.example</groupId>
  <artifactId>nexus-proxy</artifactId>
  <version>1.0-SNAPSHOT</version>
  <dependencies>
    <dependency>
      <groupId>junit</groupId>
      <artifactId>junit</artifactId>
      <version>4.10</version>
    </dependency>
  </dependencies>
  <distributionManagement>
    <snapshotRepository>
      <id>nexus</id>
      <url>http://localhost:8081/repository/maven-snapshots/</url>
    </snapshotRepository>
  </distributionManagement>
</project>
